player_name,player_id,player,prof_link,img_link
Virat Kohli,164,virat-kohli,https://www.iplt20.com/players/virat-kohli/164,https://documents.iplt20.com/ipl/IPLHeadshot2026/2.png
Rajat Patidar,5471,rajat-patidar,https://www.iplt20.com/players/rajat-patidar/5471,https://documents.iplt20.com/ipl/IPLHeadshot2026/597.png
Devdutt Padikkal,5430,devdutt-padikkal,https://www.iplt20.com/players/devdutt-padikkal/5430,https://documents.iplt20.com/ipl/IPLHeadshot2026/200.png
Swapnil Singh,3180,swapnil-singh,https://www.iplt20.com/players/swapnil-singh/3180,https://documents.iplt20.com/ipl/IPLHeadshot2026/1483.png
Phil Salt,5606,phil-salt,https://www.iplt20.com/players/phil-salt/5606,https://documents.iplt20.com/ipl/IPLHeadshot2026/1220.png
Jitesh Sharma,3185,jitesh-sharma,https://www.iplt20.com/players/jitesh-sharma/3185,https://documents.iplt20.com/ipl/IPLHeadshot2026/1000.png
Josh Hazlewood,857,josh-hazlewood,https://www.iplt20.com/players/josh-hazlewood/857,https://documents.iplt20.com/ipl/IPLHeadshot2026/36.png
Rasikh Dar,20577,rasikh-dar,https://www.iplt20.com/players/rasikh-dar/20577,https://documents.iplt20.com/ipl/IPLHeadshot2026/172.png
Suyash Sharma,5668,suyash-sharma,https://www.iplt20.com/players/suyash-sharma/5668,https://documents.iplt20.com/ipl/IPLHeadshot2026/1932.png
Krunal Pandya,3183,krunal-pandya,https://www.iplt20.com/players/krunal-pandya/3183,https://documents.iplt20.com/ipl/IPLHeadshot2026/17.png
Bhuvneshwar Kumar,116,bhuvneshwar-kumar,https://www.iplt20.com/players/bhuvneshwar-kumar/116,https://documents.iplt20.com/ipl/IPLHeadshot2026/15.png
Tim David,4524,tim-david,https://www.iplt20.com/players/tim-david/4524,https://documents.iplt20.com/ipl/IPLHeadshot2026/636.png
Romario Shepherd,20609,romario-shepherd,https://www.iplt20.com/players/romario-shepherd/20609,https://documents.iplt20.com/ipl/IPLHeadshot2026/371.png
Abhinandan Singh,22136,abhinandan-singh,https://www.iplt20.com/players/abhinandan-singh/22136,https://documents.iplt20.com/ipl/IPLHeadshot2026/3574.png
Jacob Bethell,22074,jacob-bethell,https://www.iplt20.com/players/jacob-bethell/22074,https://documents.iplt20.com/ipl/IPLHeadshot2026/869.png
Venkatesh Iyer,8540,venkatesh-iyer,https://www.iplt20.com/players/venkatesh-iyer/8540,https://documents.iplt20.com/ipl/IPLHeadshot2026/584.png
Jacob Duffy,23003,jacob-duffy,https://www.iplt20.com/players/jacob-duffy/23003,https://documents.iplt20.com/ipl/IPLHeadshot2026/1701.png
Satvik Deswal,23036,satvik-deswal,https://www.iplt20.com/players/satvik-deswal/23036,https://documents.iplt20.com/ipl/IPLHeadshot2026/4555.png
Mangesh Yadav,23040,mangesh-yadav,https://www.iplt20.com/players/mangesh-yadav/23040,https://documents.iplt20.com/ipl/IPLHeadshot2026/4554.png
Jordan Cox,23023,jordan-cox,https://www.iplt20.com/players/jordan-cox/23023,https://documents.iplt20.com/ipl/IPLHeadshot2026/3372.png
Vicky Ostwal,20624,vicky-ostwal,https://www.iplt20.com/players/vicky-ostwal/20624,https://documents.iplt20.com/ipl/IPLHeadshot2026/786.png
Vihaan Malhotra,23150,vihaan-malhotra,https://www.iplt20.com/players/vihaan-malhotra/23150,https://documents.iplt20.com/ipl/IPLHeadshot2026/4012.png
Kanishk Chouhan,23168,kanishk-chouhan,https://www.iplt20.com/players/kanishk-chouhan/23168,https://documents.iplt20.com/ipl/IPLHeadshot2026/4016.png
Richard Gleeson,20730,richard-gleeson,https://www.iplt20.com/players/richard-gleeson/20730,https://documents.iplt20.com/ipl/assets/images/Default-Men.png
Yash Dayal,20591,yash-dayal,https://www.iplt20.com/players/yash-dayal/20591,https://documents.iplt20.com/ipl/IPLHeadshot2026/978.png
Ishan Kishan,2975,ishan-kishan,https://www.iplt20.com/players/ishan-kishan/2975,https://documents.iplt20.com/ipl/IPLHeadshot2026/164.png
Pat Cummins,488,pat-cummins,https://www.iplt20.com/players/pat-cummins/488,https://documents.iplt20.com/ipl/IPLHeadshot2026/33.png
Aniket Verma,22082,aniket-verma,https://www.iplt20.com/players/aniket-verma/22082,https://documents.iplt20.com/ipl/IPLHeadshot2026/3576.png
Liam Livingstone,3644,liam-livingstone,https://www.iplt20.com/players/liam-livingstone/3644,https://documents.iplt20.com/ipl/IPLHeadshot2026/183.png
Harshal Patel,157,harshal-patel,https://www.iplt20.com/players/harshal-patel/157,https://documents.iplt20.com/ipl/IPLHeadshot2026/114.png
Zeeshan Ansari,22007,zeeshan-ansari,https://www.iplt20.com/players/zeeshan-ansari/22007,https://documents.iplt20.com/ipl/IPLHeadshot2026/3575.png
Jaydev Unadkat,86,jaydev-unadkat,https://www.iplt20.com/players/jaydev-unadkat/86,https://documents.iplt20.com/ipl/IPLHeadshot2026/180.png
Kamindu Mendis,22077,kamindu-mendis,https://www.iplt20.com/players/kamindu-mendis/22077,https://documents.iplt20.com/ipl/IPLHeadshot2026/627.png
Eshan Malinga,22228,eshan-malinga,https://www.iplt20.com/players/eshan-malinga/22228,https://documents.iplt20.com/ipl/IPLHeadshot2026/3339.png
Smaran Ravichandran,22378,smaran-ravichandran,https://www.iplt20.com/players/smaran-ravichandran/22378,https://documents.iplt20.com/ipl/IPLHeadshot2026/3752.png
Harsh Dubey,22381,harsh-dubey,https://www.iplt20.com/players/harsh-dubey/22381,https://documents.iplt20.com/ipl/IPLHeadshot2026/1494.png
Shivang Kumar,23006,shivang-kumar,https://www.iplt20.com/players/shivang-kumar/23006,https://documents.iplt20.com/ipl/IPLHeadshot2026/4561.png
Salil Arora,23041,salil-arora,https://www.iplt20.com/players/salil-arora/23041,https://documents.iplt20.com/ipl/IPLHeadshot2026/4556.png
Sakib Hussain,20717,sakib-hussain,https://www.iplt20.com/players/sakib-hussain/20717,https://documents.iplt20.com/ipl/IPLHeadshot2026/3104.png
Onkar Tarmale,23048,onkar-tarmale,https://www.iplt20.com/players/onkar-tarmale/23048,https://documents.iplt20.com/ipl/IPLHeadshot2026/4560.png
Amit Kumar,23087,amit-kumar,https://www.iplt20.com/players/amit-kumar/23087,https://documents.iplt20.com/ipl/IPLHeadshot2026/4559.png
Praful Hinge,23114,praful-hinge,https://www.iplt20.com/players/praful-hinge/23114,https://documents.iplt20.com/ipl/IPLHeadshot2026/4558.png
Krains Fuletra,23132,krains-fuletra,https://www.iplt20.com/players/krains-fuletra/23132,https://documents.iplt20.com/ipl/IPLHeadshot2026/4557.png
Dilshan Madushanka,33337,dilshan-madushanka,https://www.iplt20.com/players/dilshan-madushanka/33337,https://documents.iplt20.com/ipl/IPLHeadshot2026/1018.png
Gerald Coetzee,20686,gerald-coetzee,https://www.iplt20.com/players/gerald-coetzee/20686,https://documents.iplt20.com/ipl/IPLHeadshot2026/2535.png
RS Ambrish,33341,rs-ambrish,https://www.iplt20.com/players/rs-ambrish/33341,https://documents.iplt20.com/ipl/assets/images/Default-Men.png
Abhishek Sharma,3760,abhishek-sharma,https://www.iplt20.com/players/abhishek-sharma/3760,https://documents.iplt20.com/ipl/IPLHeadshot2026/212.png
Heinrich Klaasen,3869,heinrich-klaasen,https://www.iplt20.com/players/heinrich-klaasen/3869,https://documents.iplt20.com/ipl/IPLHeadshot2026/202.png
Nitish Kumar Reddy,5711,nitish-kumar-reddy,https://www.iplt20.com/players/nitish-kumar-reddy/5711,https://documents.iplt20.com/ipl/IPLHeadshot2026/1944.png
Travis Head,1020,travis-head,https://www.iplt20.com/players/travis-head/1020,https://documents.iplt20.com/ipl/IPLHeadshot2026/37.png
Rishabh Pant ,2972,rishabh-pant-(primary),https://www.iplt20.com/players/rishabh-pant-(primary)/2972,https://documents.iplt20.com/ipl/IPLHeadshot2026/18.png
Mohammad Shami,94,mohammad-shami,https://www.iplt20.com/players/mohammad-shami/94,https://documents.iplt20.com/ipl/IPLHeadshot2026/47.png
Aiden Markram,1667,aiden-markram,https://www.iplt20.com/players/aiden-markram/1667,https://documents.iplt20.com/ipl/IPLHeadshot2026/287.png
Mitchell Marsh,221,mitchell-marsh,https://www.iplt20.com/players/mitchell-marsh/221,https://documents.iplt20.com/ipl/IPLHeadshot2026/40.png
Avesh Khan,1561,avesh-khan,https://www.iplt20.com/players/avesh-khan/1561,https://documents.iplt20.com/ipl/IPLHeadshot2026/109.png
Abdul Samad,19352,abdul-samad,https://www.iplt20.com/players/abdul-samad/19352,https://documents.iplt20.com/ipl/IPLHeadshot2026/525.png
Himmat Singh,5434,himmat-singh,https://www.iplt20.com/players/himmat-singh/5434,https://documents.iplt20.com/ipl/IPLHeadshot2026/203.png
M. Siddharth,7119,m.-siddharth,https://www.iplt20.com/players/m.-siddharth/7119,https://documents.iplt20.com/ipl/IPLHeadshot2026/532.png
Digvesh Singh,5847,digvesh-singh,https://www.iplt20.com/players/digvesh-singh/5847,https://documents.iplt20.com/ipl/IPLHeadshot2026/3565.png
Shahbaz Ahamad,13803,shahbaz-ahamad,https://www.iplt20.com/players/shahbaz-ahamad/13803,https://documents.iplt20.com/ipl/IPLHeadshot2026/523.png
Akash Singh,12585,akash-singh,https://www.iplt20.com/players/akash-singh/12585,https://documents.iplt20.com/ipl/IPLHeadshot2026/535.png
Prince Yadav,22097,prince-yadav,https://www.iplt20.com/players/prince-yadav/22097,https://documents.iplt20.com/ipl/IPLHeadshot2026/1225.png
Arshin Kulkarni,20691,arshin-kulkarni,https://www.iplt20.com/players/arshin-kulkarni/20691,https://documents.iplt20.com/ipl/IPLHeadshot2026/2788.png
Matthew Breetzke,22375,matthew-breetzke,https://www.iplt20.com/players/matthew-breetzke/22375,https://documents.iplt20.com/ipl/IPLHeadshot2026/2805.png
Arjun Tendulkar,10244,arjun-tendulkar,https://www.iplt20.com/players/arjun-tendulkar/10244,https://documents.iplt20.com/ipl/IPLHeadshot2026/585.png
Anrich Nortje,5433,anrich-nortje,https://www.iplt20.com/players/anrich-nortje/5433,https://documents.iplt20.com/ipl/IPLHeadshot2026/142.png
Mukul Choudhary,23010,mukul-choudhary,https://www.iplt20.com/players/mukul-choudhary/23010,https://documents.iplt20.com/ipl/IPLHeadshot2026/4549.png
Akshat Raghuwanshi,23035,akshat-raghuwanshi,https://www.iplt20.com/players/akshat-raghuwanshi/23035,https://documents.iplt20.com/ipl/IPLHeadshot2026/1487.png
Josh Inglis,22372,josh-inglis,https://www.iplt20.com/players/josh-inglis/22372,https://documents.iplt20.com/ipl/IPLHeadshot2026/647.png
George Linde,33336,george-linde,https://www.iplt20.com/players/george-linde/33336,https://documents.iplt20.com/ipl/IPLHeadshot2026/340.png
Ayush Badoni,20586,ayush-badoni,https://www.iplt20.com/players/ayush-badoni/20586,https://documents.iplt20.com/ipl/IPLHeadshot2026/985.png
Mayank Yadav,20585,mayank-yadav,https://www.iplt20.com/players/mayank-yadav/20585,https://documents.iplt20.com/ipl/IPLHeadshot2026/987.png
Naman Tiwari,23015,naman-tiwari,https://www.iplt20.com/players/naman-tiwari/23015,https://documents.iplt20.com/ipl/IPLHeadshot2026/2801.png
Mohsin Khan,4952,mohsin-khan,https://www.iplt20.com/players/mohsin-khan/4952,https://documents.iplt20.com/ipl/IPLHeadshot2026/541.png
Nicholas Pooran,1703,nicholas-pooran,https://www.iplt20.com/players/nicholas-pooran/1703,https://documents.iplt20.com/ipl/IPLHeadshot2026/136.png
Rohit Sharma,107,rohit-sharma,https://www.iplt20.com/players/rohit-sharma/107,https://documents.iplt20.com/ipl/IPLHeadshot2026/6.png
Robin Minz,20707,robin-minz,https://www.iplt20.com/players/robin-minz/20707,https://documents.iplt20.com/ipl/IPLHeadshot2026/3103.png
Sherfane Rutherford,5396,sherfane-rutherford,https://www.iplt20.com/players/sherfane-rutherford/5396,https://documents.iplt20.com/ipl/IPLHeadshot2026/122.png
Ryan Rickelton,22003,ryan-rickelton,https://www.iplt20.com/players/ryan-rickelton/22003,https://documents.iplt20.com/ipl/IPLHeadshot2026/743.png
Quinton de Kock,834,quinton-de-kock,https://www.iplt20.com/players/quinton-de-kock/834,https://documents.iplt20.com/ipl/IPLHeadshot2026/170.png
Danish Malewar,23031,danish-malewar,https://www.iplt20.com/players/danish-malewar/23031,https://documents.iplt20.com/ipl/IPLHeadshot2026/4546.png
Ruchit Ahir,33344,ruchit-ahir,https://www.iplt20.com/players/ruchit-ahir/33344,https://documents.iplt20.com/ipl/assets/images/Default-Men.png
N. Tilak Varma,20594,n.-tilak-varma,https://www.iplt20.com/players/n.-tilak-varma/20594,https://documents.iplt20.com/ipl/IPLHeadshot2026/993.png
Naman Dhir,20701,naman-dhir,https://www.iplt20.com/players/naman-dhir/20701,https://documents.iplt20.com/ipl/IPLHeadshot2026/3107.png
Raj Angad Bawa,20601,raj-angad-bawa,https://www.iplt20.com/players/raj-angad-bawa/20601,https://documents.iplt20.com/ipl/IPLHeadshot2026/781.png
Mayank Rawat,23038,mayank-rawat,https://www.iplt20.com/players/mayank-rawat/23038,https://documents.iplt20.com/ipl/IPLHeadshot2026/1228.png
Krish Bhagat,33338,krish-bhagat,https://www.iplt20.com/players/krish-bhagat/33338,https://documents.iplt20.com/ipl/IPLHeadshot2026/5034.png
Mahipal Lomror,2970,mahipal-lomror,https://www.iplt20.com/players/mahipal-lomror/2970,https://documents.iplt20.com/ipl/assets/images/Default-Men.png
Corbin Bosch,20680,corbin-bosch,https://www.iplt20.com/players/corbin-bosch/20680,https://documents.iplt20.com/ipl/IPLHeadshot2026/1041.png
Will Jacks,5629,will-jacks,https://www.iplt20.com/players/will-jacks/5629,https://documents.iplt20.com/ipl/IPLHeadshot2026/1941.png
Shardul Thakur,1745,shardul-thakur,https://www.iplt20.com/players/shardul-thakur/1745,https://documents.iplt20.com/ipl/IPLHeadshot2026/105.png
Trent Boult,969,trent-boult,https://www.iplt20.com/players/trent-boult/969,https://documents.iplt20.com/ipl/IPLHeadshot2026/66.png
Deepak Chahar,140,deepak-chahar,https://www.iplt20.com/players/deepak-chahar/140,https://documents.iplt20.com/ipl/IPLHeadshot2026/91.png
Ashwani Kumar,22030,ashwani-kumar,https://www.iplt20.com/players/ashwani-kumar/22030,https://documents.iplt20.com/ipl/IPLHeadshot2026/3569.png
Raghu Sharma,22379,raghu-sharma,https://www.iplt20.com/players/raghu-sharma/22379,https://documents.iplt20.com/ipl/IPLHeadshot2026/3869.png
Mohammad Izhar,23045,mohammad-izhar,https://www.iplt20.com/players/mohammad-izhar/23045,https://documents.iplt20.com/ipl/IPLHeadshot2026/4545.png
Keshav Maharaj,20726,keshav-maharaj,https://www.iplt20.com/players/keshav-maharaj/20726,https://documents.iplt20.com/ipl/IPLHeadshot2026/347.png
Allah Ghazanfar,20725,allah-ghazanfar,https://www.iplt20.com/players/allah-ghazanfar/20725,https://documents.iplt20.com/ipl/IPLHeadshot2026/2761.png
Surya Kumar Yadav,108,surya-kumar-yadav,https://www.iplt20.com/players/surya-kumar-yadav/108,https://documents.iplt20.com/ipl/IPLHeadshot2026/174.png
Hardik Pandya,2740,hardik-pandya,https://www.iplt20.com/players/hardik-pandya/2740,https://documents.iplt20.com/ipl/IPLHeadshot2026/54.png
Mayank Markande,4951,mayank-markande,https://www.iplt20.com/players/mayank-markande/4951,https://documents.iplt20.com/ipl/IPLHeadshot2026/87.png
Jasprit Bumrah,1124,jasprit-bumrah,https://www.iplt20.com/players/jasprit-bumrah/1124,https://documents.iplt20.com/ipl/IPLHeadshot2026/9.png
SHREYAS IYER,1563,shreyas-iyer,https://www.iplt20.com/players/shreyas-iyer/1563,https://documents.iplt20.com/ipl/IPLHeadshot2026/12.png
NEHAL WADHERA,5859,nehal-wadhera,https://www.iplt20.com/players/nehal-wadhera/5859,https://documents.iplt20.com/ipl/IPLHeadshot2026/1541.png
VISHNU VINOD,4305,vishnu-vinod,https://www.iplt20.com/players/vishnu-vinod/4305,https://documents.iplt20.com/ipl/IPLHeadshot2026/581.png
HARNOOR PANNU,22019,harnoor-pannu,https://www.iplt20.com/players/harnoor-pannu/22019,https://documents.iplt20.com/ipl/IPLHeadshot2026/784.png
PYLA AVINASH,22145,pyla-avinash,https://www.iplt20.com/players/pyla-avinash/22145,https://documents.iplt20.com/ipl/IPLHeadshot2026/3573.png
PRABHSIMRAN SINGH,5436,prabhsimran-singh,https://www.iplt20.com/players/prabhsimran-singh/5436,https://documents.iplt20.com/ipl/IPLHeadshot2026/137.png
SHASHANK SINGH,3261,shashank-singh,https://www.iplt20.com/players/shashank-singh/3261,https://documents.iplt20.com/ipl/IPLHeadshot2026/191.png
MARCUS STOINIS,964,marcus-stoinis,https://www.iplt20.com/players/marcus-stoinis/964,https://documents.iplt20.com/ipl/IPLHeadshot2026/23.png
HARPREET BRAR,5441,harpreet-brar,https://www.iplt20.com/players/harpreet-brar/5441,https://documents.iplt20.com/ipl/IPLHeadshot2026/130.png
MARCO JANSEN,17068,marco-jansen,https://www.iplt20.com/players/marco-jansen/17068,https://documents.iplt20.com/ipl/IPLHeadshot2026/586.png
AZMATULLAH OMARZAI,20685,azmatullah-omarzai,https://www.iplt20.com/players/azmatullah-omarzai/20685,https://documents.iplt20.com/ipl/IPLHeadshot2026/1354.png
PRIYANSH ARYA,22052,priyansh-arya,https://www.iplt20.com/players/priyansh-arya/22052,https://documents.iplt20.com/ipl/IPLHeadshot2026/3571.png
MUSHEER KHAN,22085,musheer-khan,https://www.iplt20.com/players/musheer-khan/22085,https://documents.iplt20.com/ipl/IPLHeadshot2026/2813.png
SURYANSH SHEDGE,20683,suryansh-shedge,https://www.iplt20.com/players/suryansh-shedge/20683,https://documents.iplt20.com/ipl/IPLHeadshot2026/2146.png
MITCH OWEN,22380,mitch-owen,https://www.iplt20.com/players/mitch-owen/22380,https://documents.iplt20.com/ipl/IPLHeadshot2026/3870.png
COOPER CONNOLLY,23052,cooper-connolly,https://www.iplt20.com/players/cooper-connolly/23052,https://documents.iplt20.com/ipl/IPLHeadshot2026/848.png
BEN DWARSHUIS,1478,ben-dwarshuis,https://www.iplt20.com/players/ben-dwarshuis/1478,https://documents.iplt20.com/ipl/IPLHeadshot2026/632.png
ARSHDEEP SINGH,4698,arshdeep-singh,https://www.iplt20.com/players/arshdeep-singh/4698,https://documents.iplt20.com/ipl/IPLHeadshot2026/125.png
YUZVENDRA CHAHAL,111,yuzvendra-chahal,https://www.iplt20.com/players/yuzvendra-chahal/111,https://documents.iplt20.com/ipl/IPLHeadshot2026/10.png
VYSHAK VIJAYKUMAR,1097,vyshak-vijaykumar,https://www.iplt20.com/players/vyshak-vijaykumar/1097,https://documents.iplt20.com/ipl/IPLHeadshot2026/2034.png
YASH THAKUR,5624,yash-thakur,https://www.iplt20.com/players/yash-thakur/5624,https://documents.iplt20.com/ipl/IPLHeadshot2026/1550.png
XAVIER BARTLETT,22112,xavier-bartlett,https://www.iplt20.com/players/xavier-bartlett/22112,https://documents.iplt20.com/ipl/IPLHeadshot2026/3572.png
PRAVIN DUBEY,3188,pravin-dubey,https://www.iplt20.com/players/pravin-dubey/3188,https://documents.iplt20.com/ipl/IPLHeadshot2026/548.png
VISHAL NISHAD,23088,vishal-nishad,https://www.iplt20.com/players/vishal-nishad/23088,https://documents.iplt20.com/ipl/IPLHeadshot2026/4547.png
LOCKIE FERGUSON,3729,lockie-ferguson,https://www.iplt20.com/players/lockie-ferguson/3729,https://documents.iplt20.com/ipl/IPLHeadshot2026/69.png
KL RAHUL,1125,kl-rahul,https://www.iplt20.com/players/kl-rahul/1125,https://documents.iplt20.com/ipl/IPLHeadshot2026/19.png
KARUN NAIR,276,karun-nair,https://www.iplt20.com/players/karun-nair/276,https://documents.iplt20.com/ipl/IPLHeadshot2026/131.png
PATHUM NISSANKA,23020,pathum-nissanka,https://www.iplt20.com/players/pathum-nissanka/23020,https://documents.iplt20.com/ipl/IPLHeadshot2026/618.png
SAHIL PARAKH,23063,sahil-parakh,https://www.iplt20.com/players/sahil-parakh/23063,https://documents.iplt20.com/ipl/IPLHeadshot2026/4542.png
PRITHVI SHAW,3764,prithvi-shaw,https://www.iplt20.com/players/prithvi-shaw/3764,https://documents.iplt20.com/ipl/IPLHeadshot2026/51.png
ABISHEK POREL,33333,abishek-porel,https://www.iplt20.com/players/abishek-porel/33333,https://documents.iplt20.com/ipl/IPLHeadshot2026/1580.png
TRISTAN STUBBS,20631,tristan-stubbs,https://www.iplt20.com/players/tristan-stubbs/20631,https://documents.iplt20.com/ipl/IPLHeadshot2026/1017.png
AXAR PATEL,1113,axar-patel,https://www.iplt20.com/players/axar-patel/1113,https://documents.iplt20.com/ipl/IPLHeadshot2026/110.png
SAMEER RIZVI,20689,sameer-rizvi,https://www.iplt20.com/players/sameer-rizvi/20689,https://documents.iplt20.com/ipl/IPLHeadshot2026/1229.png
ASHUTOSH SHARMA,20703,ashutosh-sharma,https://www.iplt20.com/players/ashutosh-sharma/20703,https://documents.iplt20.com/ipl/IPLHeadshot2026/3109.png
VIPRAJ NIGAM,22053,vipraj-nigam,https://www.iplt20.com/players/vipraj-nigam/22053,https://documents.iplt20.com/ipl/IPLHeadshot2026/3560.png
TRIPURANA VIJAY,22252,tripurana-vijay,https://www.iplt20.com/players/tripurana-vijay/22252,https://documents.iplt20.com/ipl/IPLHeadshot2026/3563.png
MADHAV TIWARI,22259,madhav-tiwari,https://www.iplt20.com/players/madhav-tiwari/22259,https://documents.iplt20.com/ipl/IPLHeadshot2026/3561.png
MITCHELL STARC,490,mitchell-starc,https://www.iplt20.com/players/mitchell-starc/490,https://documents.iplt20.com/ipl/IPLHeadshot2026/31.png
T. NATARAJAN,3831,t.-natarajan,https://www.iplt20.com/players/t.-natarajan/3831,https://documents.iplt20.com/ipl/IPLHeadshot2026/224.png
MUKESH KUMAR,5622,mukesh-kumar,https://www.iplt20.com/players/mukesh-kumar/5622,https://documents.iplt20.com/ipl/IPLHeadshot2026/1462.png
DUSHMANTHA CHAMEERA,817,dushmantha-chameera,https://www.iplt20.com/players/dushmantha-chameera/817,https://documents.iplt20.com/ipl/IPLHeadshot2026/608.png
David Miller, 187,david-miller,https://www.iplt20.com/players/david-miller/187,https://documents.iplt20.com/ipl/IPLHeadshot2026/128.png
Ajay Mandal, 5811,ajay-mandal,https://www.iplt20.com/players/ajay-mandal/5811,https://documents.iplt20.com/ipl/IPLHeadshot2026/1931.png
Nitish Rana,2738,nitish-rana,https://www.iplt20.com/players/nitish-rana/2738,https://documents.iplt20.com/ipl/IPLHeadshot2026/148.png
AUQIB NABI,23005,auqib-nabi,https://www.iplt20.com/players/auqib-nabi/23005,https://documents.iplt20.com/ipl/IPLHeadshot2026/4543.png
LUNGISANI NGIDI,3746,lungisani-ngidi,https://www.iplt20.com/players/lungisani-ngidi/3746,https://documents.iplt20.com/ipl/IPLHeadshot2026/99.png
KYLE JAMIESON,1616,kyle-jamieson,https://www.iplt20.com/players/kyle-jamieson/1616,https://documents.iplt20.com/ipl/IPLHeadshot2026/382.png
REHAN AHMED,33340,rehan-ahmed,https://www.iplt20.com/players/rehan-ahmed/33340,https://documents.iplt20.com/ipl/IPLHeadshot2026/874.png
KULDEEP YADAV,261,kuldeep-yadav,https://www.iplt20.com/players/kuldeep-yadav/261,https://documents.iplt20.com/ipl/IPLHeadshot2026/14.png
AJINKYA RAHANE,135,ajinkya-rahane,https://www.iplt20.com/players/ajinkya-rahane/135,https://documents.iplt20.com/ipl/IPLHeadshot2026/44.png
RINKU SINGH,3830,rinku-singh,https://www.iplt20.com/players/rinku-singh/3830,https://documents.iplt20.com/ipl/IPLHeadshot2026/152.png
ANGKRISH RAGHUVANSHI,20690,angkrish-raghuvanshi,https://www.iplt20.com/players/angkrish-raghuvanshi/20690,https://documents.iplt20.com/ipl/IPLHeadshot2026/787.png
MANISH PANDEY,123,manish-pandey,https://www.iplt20.com/players/manish-pandey/123,https://documents.iplt20.com/ipl/IPLHeadshot2026/16.png
FINN ALLEN,3020,finn-allen,https://www.iplt20.com/players/finn-allen/3020,https://documents.iplt20.com/ipl/IPLHeadshot2026/595.png
TEJASVI SINGH,23013,tejasvi-singh,https://www.iplt20.com/players/tejasvi-singh/23013,https://documents.iplt20.com/ipl/IPLHeadshot2026/4281.png
RAHUL TRIPATHI,3838,rahul-tripathi,https://www.iplt20.com/players/rahul-tripathi/3838,https://documents.iplt20.com/ipl/IPLHeadshot2026/188.png
TIM SEIFERT,1619,tim-seifert,https://www.iplt20.com/players/tim-seifert/1619,https://documents.iplt20.com/ipl/IPLHeadshot2026/82.png
ROVMAN POWELL,3333,rovman-powell,https://www.iplt20.com/players/rovman-powell/3333,https://documents.iplt20.com/ipl/IPLHeadshot2026/329.png
ANUKUL ROY,3774,anukul-roy,https://www.iplt20.com/players/anukul-roy/3774,https://documents.iplt20.com/ipl/IPLHeadshot2026/160.png
SARTHAK RANJAN,23154,sarthak-ranjan,https://www.iplt20.com/players/sarthak-ranjan/23154,https://documents.iplt20.com/ipl/IPLHeadshot2026/4203.png
DAKSH KAMRA,23177,daksh-kamra,https://www.iplt20.com/players/daksh-kamra/23177,https://documents.iplt20.com/ipl/IPLHeadshot2026/4548.png
RAMANDEEP SINGH,20595,ramandeep-singh,https://www.iplt20.com/players/ramandeep-singh/20595,https://documents.iplt20.com/ipl/IPLHeadshot2026/991.png
Luvnith Sisodia,20613,luvnith-sisodia,https://www.iplt20.com/players/luvnith-sisodia/20613,https://documents.iplt20.com/ipl/assets/images/Default-Men.png
Cameron Green,5602 ,cameron-green,https://www.iplt20.com/players/cameron-green/5602,https://documents.iplt20.com/ipl/IPLHeadshot2026/550.png
Rachin Ravindra,20684,rachin-ravindra,https://www.iplt20.com/players/rachin-ravindra/20684,https://documents.iplt20.com/ipl/IPLHeadshot2026/724.png
Blessing Muzarabani,22387,blessing-muzarabani,https://www.iplt20.com/players/blessing-muzarabani/22387,https://documents.iplt20.com/ipl/IPLHeadshot2026/827.png
SUNIL NARINE,203,sunil-narine,https://www.iplt20.com/players/sunil-narine/203,https://documents.iplt20.com/ipl/IPLHeadshot2026/156.png
VAIBHAV ARORA,14859,vaibhav-arora,https://www.iplt20.com/players/vaibhav-arora/14859,https://documents.iplt20.com/ipl/IPLHeadshot2026/583.png
KARTIK TYAGI,10059,kartik-tyagi,https://www.iplt20.com/players/kartik-tyagi/10059,https://documents.iplt20.com/ipl/IPLHeadshot2026/536.png
PRASHANT SOLANKI,20576,prashant-solanki,https://www.iplt20.com/players/prashant-solanki/20576,https://documents.iplt20.com/ipl/IPLHeadshot2026/972.png
SAURABH DUBEY,20612,saurabh-dubey,https://www.iplt20.com/players/saurabh-dubey/20612,https://documents.iplt20.com/ipl/IPLHeadshot2026/1010.png
NAVDEEP SAINI,3824,navdeep-saini,https://www.iplt20.com/players/navdeep-saini/3824,https://documents.iplt20.com/ipl/IPLHeadshot2026/207.png
UMRAN MALIK,15154,umran-malik,https://www.iplt20.com/players/umran-malik/15154,https://documents.iplt20.com/ipl/IPLHeadshot2026/637.png
VARUN CHAKARAVARTHY,5432,varun-chakaravarthy,https://www.iplt20.com/players/varun-chakaravarthy/5432,https://documents.iplt20.com/ipl/IPLHeadshot2026/140.png
RUTURAJ GAIKWAD,5443,ruturaj-gaikwad,https://www.iplt20.com/players/ruturaj-gaikwad/5443,https://documents.iplt20.com/ipl/IPLHeadshot2026/102.png
MS DHONI,1,ms-dhoni,https://www.iplt20.com/players/ms-dhoni/1,https://documents.iplt20.com/ipl/IPLHeadshot2026/57.png
DEWALD BREVIS,20593,dewald-brevis,https://www.iplt20.com/players/dewald-brevis/20593,https://documents.iplt20.com/ipl/IPLHeadshot2026/797.png
NOOR AHMAD,20590,noor-ahmad,https://www.iplt20.com/players/noor-ahmad/20590,https://documents.iplt20.com/ipl/IPLHeadshot2026/975.png
ANSHUL KAMBOJ,20702,anshul-kamboj,https://www.iplt20.com/players/anshul-kamboj/20702,https://documents.iplt20.com/ipl/IPLHeadshot2026/3106.png
MUKESH CHOUDHARY,20575,mukesh-choudhary,https://www.iplt20.com/players/mukesh-choudhary/20575,https://documents.iplt20.com/ipl/IPLHeadshot2026/970.png
SHREYAS GOPAL,20696,shreyas-gopal,https://www.iplt20.com/players/shreyas-gopal/20696,https://documents.iplt20.com/ipl/IPLHeadshot2026/192.png
GURJAPNEET SINGH,22032,gurjapneet-singh,https://www.iplt20.com/players/gurjapneet-singh/22032,https://documents.iplt20.com/ipl/IPLHeadshot2026/2256.png
AKEAL HOSEIN,5608,akeal-hosein,https://www.iplt20.com/players/akeal-hosein/5608,https://documents.iplt20.com/ipl/IPLHeadshot2026/722.png
PRASHANT VEER,23008,prashant-veer,https://www.iplt20.com/players/prashant-veer/23008,https://documents.iplt20.com/ipl/IPLHeadshot2026/4541.png
KARTIK SHARMA,23012,kartik-sharma,https://www.iplt20.com/players/kartik-sharma/23012,https://documents.iplt20.com/ipl/IPLHeadshot2026/4540.png
MATTHEW WILLIAM SHORT,2032,matthew-william-short,https://www.iplt20.com/players/matthew-william-short/2032,https://documents.iplt20.com/ipl/IPLHeadshot2026/2032.png
AMAN KHAN,20581,aman-khan,https://www.iplt20.com/players/aman-khan/20581,https://documents.iplt20.com/ipl/IPLHeadshot2026/979.png
SARFARAZ KHAN,1564,sarfaraz-khan,https://www.iplt20.com/players/sarfaraz-khan/1564,https://documents.iplt20.com/ipl/IPLHeadshot2026/139.png
MATT HENRY,1505,matt-henry,https://www.iplt20.com/players/matt-henry/1505,https://documents.iplt20.com/ipl/IPLHeadshot2026/71.png
RAHUL CHAHAR,3763,rahul-chahar,https://www.iplt20.com/players/rahul-chahar/3763,https://documents.iplt20.com/ipl/IPLHeadshot2026/171.png
ZAK FOULKES,23022,zak-foulkes,https://www.iplt20.com/players/zak-foulkes/23022,https://documents.iplt20.com/ipl/IPLHeadshot2026/3493.png
SPENCER JOHNSON,20699,spencer-johnson,https://www.iplt20.com/players/spencer-johnson/20699,https://documents.iplt20.com/ipl/IPLHeadshot2026/2518.png
AKASH MADHWAL,20681,akash-madhwal,https://www.iplt20.com/players/akash-madhwal/20681,https://documents.iplt20.com/ipl/IPLHeadshot2026/1045.png
MACNEIL NORONHA,33342,macneil-noronha,https://www.iplt20.com/players/macneil-noronha/33342,https://documents.iplt20.com/ipl/assets/images/Default-Men.png
DIAN FORRESTER,33343,dian-forrester,https://www.iplt20.com/players/dian-forrester/33343,https://documents.iplt20.com/ipl/assets/images/Default-Men.png
KULDIP YADAV,12480,kuldip-yadav,https://www.iplt20.com/players/kuldip-yadav/12480,https://documents.iplt20.com/ipl/assets/images/Default-Men.png
SHIVAM DUBE,5431,shivam-dube,https://www.iplt20.com/players/shivam-dube/5431,https://documents.iplt20.com/ipl/IPLHeadshot2026/211.png
URVIL PATEL,5653,urvil-patel,https://www.iplt20.com/players/urvil-patel/5653,https://documents.iplt20.com/ipl/IPLHeadshot2026/1486.png
Shubman Gill,3761,shubman-gill,https://www.iplt20.com/players/shubman-gill/3761,https://documents.iplt20.com/ipl/IPLHeadshot2026/62.png
Jos Buttler,509,jos-buttler,https://www.iplt20.com/players/jos-buttler/509,https://documents.iplt20.com/ipl/IPLHeadshot2026/182.png
Kumar Kushagra,20694,kumar-kushagra,https://www.iplt20.com/players/kumar-kushagra/20694,https://documents.iplt20.com/ipl/IPLHeadshot2026/3101.png
Anuj Rawat,10788,anuj-rawat,https://www.iplt20.com/players/anuj-rawat/10788,https://documents.iplt20.com/ipl/IPLHeadshot2026/534.png
Connor Esterhuizen,33339,connor-esterhuizen,https://www.iplt20.com/players/connor-esterhuizen/33339,https://documents.iplt20.com/ipl/IPLHeadshot2026/5035.png
Glenn Phillips,3027,glenn-phillips,https://www.iplt20.com/players/glenn-phillips/3027,https://documents.iplt20.com/ipl/IPLHeadshot2026/635.png
Sai Sudharsan,20592,sai-sudharsan,https://www.iplt20.com/players/sai-sudharsan/20592,https://documents.iplt20.com/ipl/IPLHeadshot2026/976.png
Nishant Sindhu,5615,nishant-sindhu,https://www.iplt20.com/players/nishant-sindhu/5615,https://documents.iplt20.com/ipl/IPLHeadshot2026/791.png
Washington Sundar,2973,washington-sundar,https://www.iplt20.com/players/washington-sundar/2973,https://documents.iplt20.com/ipl/IPLHeadshot2026/20.png
Mohd. Arshad Khan,20599,mohd-arshad-khan,https://www.iplt20.com/players/mohd-arshad-khan/20599,https://documents.iplt20.com/ipl/IPLHeadshot2026/988.png
Sai Kishore,7123,sai-kishore,https://www.iplt20.com/players/sai-kishore/7123,https://documents.iplt20.com/ipl/IPLHeadshot2026/544.png
Jayant Yadav,1740,jayant-yadav,https://www.iplt20.com/players/jayant-yadav/1740,https://documents.iplt20.com/ipl/IPLHeadshot2026/165.png
Jason Holder,1075,jason-holder,https://www.iplt20.com/players/jason-holder/1075,https://documents.iplt20.com/ipl/IPLHeadshot2026/263.png
Rahul Tewatia,1749,rahul-tewatia,https://www.iplt20.com/players/rahul-tewatia/1749,https://documents.iplt20.com/ipl/IPLHeadshot2026/120.png
Shahrukh Khan,7779,shahrukh-khan,https://www.iplt20.com/players/shahrukh-khan/7779,https://documents.iplt20.com/ipl/IPLHeadshot2026/590.png
Kagiso Rabada,1664,kagiso-rabada,https://www.iplt20.com/players/kagiso-rabada/1664,https://documents.iplt20.com/ipl/IPLHeadshot2026/116.png
Mohammed Siraj,3840,mohammed-siraj,https://www.iplt20.com/players/mohammed-siraj/3840,https://documents.iplt20.com/ipl/IPLHeadshot2026/63.png
Prasidh Krishna,5105,prasidh-krishna,https://www.iplt20.com/players/prasidh-krishna/5105,https://documents.iplt20.com/ipl/IPLHeadshot2026/150.png
Manav Suthar,20692,manav-suthar,https://www.iplt20.com/players/manav-suthar/20692,https://documents.iplt20.com/ipl/IPLHeadshot2026/2443.png
Gurnoor Singh Brar,1094,gurnoor-singh-brar,https://www.iplt20.com/players/gurnoor-singh-brar/1094,https://documents.iplt20.com/ipl/IPLHeadshot2026/1231.png
Ishant Sharma,38,ishant-sharma,https://www.iplt20.com/players/ishant-sharma/38,https://documents.iplt20.com/ipl/IPLHeadshot2026/50.png
Ashok Sharma,20584,ashok-sharma,https://www.iplt20.com/players/ashok-sharma/20584,https://documents.iplt20.com/ipl/IPLHeadshot2026/980.png
Luke Wood,20721,luke-wood,https://www.iplt20.com/players/luke-wood/20721,https://documents.iplt20.com/ipl/IPLHeadshot2026/3116.png
Kulwant Khejroliya,3835,kulwant-khejroliya,https://www.iplt20.com/players/kulwant-khejroliya/3835,https://documents.iplt20.com/ipl/IPLHeadshot2026/204.png
Rashid Khan,2885,rashid-khan,https://www.iplt20.com/players/rashid-khan/2885,https://documents.iplt20.com/ipl/IPLHeadshot2026/218.png
Shubham Dubey,20688,shubham-dubey,https://www.iplt20.com/players/shubham-dubey/20688,https://documents.iplt20.com/ipl/IPLHeadshot2026/3112.png
Vaibhav Sooryavanshi,22203,vaibhav-sooryavanshi,https://www.iplt20.com/players/vaibhav-sooryavanshi/22203,https://documents.iplt20.com/ipl/IPLHeadshot2026/3498.png
Donovan Ferreira,5652,donovan-ferreira,https://www.iplt20.com/players/donovan-ferreira/5652,https://documents.iplt20.com/ipl/IPLHeadshot2026/2033.png
Lhuan-dre Pretorious,22383,lhuan-dre-pretorious,https://www.iplt20.com/players/lhuan-dre-pretorious/22383,https://documents.iplt20.com/ipl/IPLHeadshot2026/2827.png
Aman Rao Perala,23034,aman-rao-perala,https://www.iplt20.com/players/aman-rao-perala/23034,https://documents.iplt20.com/ipl/IPLHeadshot2026/4552.png
Shimron Hetmyer,1705,shimron-hetmyer,https://www.iplt20.com/players/shimron-hetmyer/1705,https://documents.iplt20.com/ipl/IPLHeadshot2026/210.png
Yashasvi Jaiswal,13538,yashasvi-jaiswal,https://www.iplt20.com/players/yashasvi-jaiswal/13538,https://documents.iplt20.com/ipl/IPLHeadshot2026/533.png
Dhruv Jurel,20620,dhruv-jurel,https://www.iplt20.com/players/dhruv-jurel/20620,https://documents.iplt20.com/ipl/IPLHeadshot2026/1004.png
Riyan Parag,4445,riyan-parag,https://www.iplt20.com/players/riyan-parag/4445,https://documents.iplt20.com/ipl/IPLHeadshot2026/189.png
Yudhvir Singh Charak,10842,yudhvir-singh-charak,https://www.iplt20.com/players/yudhvir-singh-charak/10842,https://documents.iplt20.com/ipl/IPLHeadshot2026/587.png
Emanjot Chahal,33345,emanjot-chahal,https://www.iplt20.com/players/emanjot-chahal/33345,https://documents.iplt20.com/ipl/assets/images/Default-Men.png
Ravindra Jadeja,9,ravindra-jadeja,https://www.iplt20.com/players/ravindra-jadeja/9,https://documents.iplt20.com/ipl/IPLHeadshot2026/46.png
Dasun Shanaka,1095,dasun-shanaka,https://www.iplt20.com/players/dasun-shanaka/1095,https://documents.iplt20.com/ipl/IPLHeadshot2026/375.png
Jofra Archer,3502,jofra-archer,https://www.iplt20.com/players/jofra-archer/3502,https://documents.iplt20.com/ipl/IPLHeadshot2026/181.png
Tushar Deshpande,3257,tushar-deshpande,https://www.iplt20.com/players/tushar-deshpande/3257,https://documents.iplt20.com/ipl/IPLHeadshot2026/539.png
Kwena Maphaka,20724,kwena-maphaka,https://www.iplt20.com/players/kwena-maphaka/20724,https://documents.iplt20.com/ipl/IPLHeadshot2026/801.png
Ravi Bishnoi,19351,ravi-bishnoi,https://www.iplt20.com/players/ravi-bishnoi/19351,https://documents.iplt20.com/ipl/IPLHeadshot2026/520.png
Sushant Mishra,20695,sushant-mishra,https://www.iplt20.com/players/sushant-mishra/20695,https://documents.iplt20.com/ipl/IPLHeadshot2026/1016.png
Yash Raj Punja,23016,yash-raj-punja,https://www.iplt20.com/players/yash-raj-punja/23016,https://documents.iplt20.com/ipl/IPLHeadshot2026/4553.png
Vignesh Puthur,22266,vignesh-puthur,https://www.iplt20.com/players/vignesh-puthur/22266,https://documents.iplt20.com/ipl/IPLHeadshot2026/3566.png
Brijesh Sharma,23164,brijesh-sharma,https://www.iplt20.com/players/brijesh-sharma/23164,https://documents.iplt20.com/ipl/IPLHeadshot2026/4551.png
Adam Milne,434,adam-milne,https://www.iplt20.com/players/adam-milne/434,https://documents.iplt20.com/ipl/IPLHeadshot2026/157.png
Kuldeep Sen,20616,kuldeep-sen,https://www.iplt20.com/players/kuldeep-sen/20616,https://documents.iplt20.com/ipl/IPLHeadshot2026/1005.png
Sandeep Sharma,1112,sandeep-sharma,https://www.iplt20.com/players/sandeep-sharma/1112,https://documents.iplt20.com/ipl/IPLHeadshot2026/220.png
Nandre Burger,20716,nandre-burger,https://www.iplt20.com/players/nandre-burger/20716,https://documents.iplt20.com/ipl/IPLHeadshot2026/2806.png
